,Interarrival times (>M6)
0,5 days
1,14 days
2,11 days
3,0 days
4,0 days
5,0 days
6,0 days
7,1 days
8,1 days
9,0 days
10,0 days
11,17 days
12,2 days
13,0 days
14,6 days
15,0 days
16,6 days
17,5 days
18,2 days
19,2 days
20,3 days
21,1 days
22,0 days
23,1 days
24,5 days
25,1 days
26,1 days
27,1 days
28,5 days
29,1 days
30,2 days
31,1 days
32,1 days
33,0 days
34,8 days
35,0 days
36,8 days
37,1 days
38,2 days
39,5 days
40,8 days
41,5 days
42,3 days
43,2 days
44,20 days
45,0 days
46,2 days
47,2 days
48,7 days
49,1 days
50,4 days
51,4 days
52,1 days
53,4 days
54,0 days
55,23 days
56,4 days
57,3 days
58,6 days
59,0 days
60,0 days
61,1 days
62,0 days
63,1 days
64,0 days
65,0 days
66,0 days
67,3 days
68,1 days
69,1 days
70,2 days
71,0 days
72,0 days
73,3 days
74,12 days
75,5 days
76,2 days
77,1 days
78,0 days
79,1 days
80,4 days
81,0 days
82,4 days
83,1 days
84,6 days
85,2 days
86,1 days
87,0 days
88,17 days
89,1 days
90,6 days
91,9 days
92,0 days
93,3 days
94,6 days
95,1 days
96,2 days
97,3 days
98,3 days
99,2 days
100,5 days
101,8 days
102,1 days
103,2 days
104,0 days
105,6 days
106,7 days
107,3 days
108,28 days
109,13 days
110,1 days
111,0 days
112,2 days
113,0 days
114,2 days
115,1 days
116,6 days
117,1 days
118,5 days
119,12 days
120,0 days
121,1 days
122,1 days
123,0 days
124,4 days
125,5 days
126,3 days
127,2 days
128,0 days
129,1 days
130,14 days
131,2 days
132,2 days
133,2 days
134,4 days
135,7 days
136,0 days
137,8 days
138,1 days
139,3 days
140,6 days
141,4 days
142,5 days
143,5 days
144,12 days
145,1 days
146,0 days
147,6 days
148,0 days
149,2 days
150,0 days
151,7 days
152,5 days
153,4 days
154,3 days
155,6 days
156,9 days
157,2 days
158,11 days
159,0 days
160,6 days
161,0 days
162,9 days
163,2 days
164,1 days
165,1 days
166,0 days
167,2 days
168,17 days
169,4 days
170,2 days
171,1 days
172,0 days
173,13 days
174,9 days
175,1 days
176,3 days
177,6 days
178,2 days
179,8 days
180,9 days
181,5 days
182,2 days
183,19 days
184,9 days
185,4 days
186,6 days
187,1 days
188,2 days
189,5 days
190,3 days
191,0 days
192,1 days
193,2 days
194,2 days
195,6 days
196,2 days
197,4 days
198,0 days
199,3 days
200,1 days
201,3 days
202,4 days
203,5 days
204,7 days
205,4 days
206,1 days
207,1 days
208,2 days
209,2 days
210,13 days
211,13 days
212,2 days
213,0 days
214,5 days
215,3 days
216,0 days
217,3 days
218,2 days
219,0 days
220,9 days
221,0 days
222,2 days
223,9 days
224,10 days
225,10 days
226,10 days
227,24 days
228,5 days
229,2 days
230,10 days
231,1 days
232,4 days
233,6 days
234,4 days
235,4 days
236,2 days
237,0 days
238,4 days
239,3 days
240,1 days
241,13 days
242,1 days
243,0 days
244,8 days
245,1 days
246,4 days
247,4 days
248,4 days
249,1 days
250,4 days
251,1 days
252,0 days
253,10 days
254,0 days
255,1 days
256,0 days
257,2 days
258,4 days
259,2 days
260,5 days
261,1 days
262,5 days
263,6 days
264,10 days
265,10 days
266,0 days
267,5 days
268,3 days
269,3 days
270,4 days
271,4 days
272,0 days
273,7 days
274,1 days
275,9 days
276,11 days
277,3 days
278,0 days
279,1 days
280,0 days
281,2 days
282,0 days
283,8 days
284,2 days
285,7 days
286,1 days
287,1 days
288,4 days
289,1 days
290,1 days
291,5 days
292,3 days
293,0 days
294,1 days
295,5 days
296,8 days
297,7 days
298,2 days
299,5 days
300,2 days
301,6 days
302,0 days
303,2 days
304,4 days
305,6 days
306,9 days
307,6 days
308,0 days
309,8 days
310,11 days
311,1 days
312,2 days
313,3 days
314,0 days
315,12 days
316,6 days
317,2 days
318,0 days
319,0 days
320,0 days
321,0 days
322,0 days
323,0 days
324,1 days
325,0 days
326,0 days
327,2 days
328,0 days
329,1 days
330,0 days
331,0 days
332,1 days
333,2 days
334,1 days
335,0 days
336,1 days
337,3 days
338,2 days
339,8 days
340,0 days
341,1 days
342,4 days
343,0 days
344,1 days
345,2 days
346,2 days
347,0 days
348,0 days
349,2 days
350,3 days
351,9 days
352,1 days
353,3 days
354,20 days
355,3 days
356,1 days
357,0 days
358,1 days
359,2 days
360,1 days
361,1 days
362,0 days
363,1 days
364,1 days
365,5 days
366,0 days
367,4 days
368,4 days
369,3 days
370,1 days
371,1 days
372,5 days
373,3 days
374,1 days
375,2 days
376,5 days
377,1 days
378,3 days
379,2 days
380,2 days
381,0 days
382,4 days
383,1 days
384,4 days
385,1 days
386,0 days
387,1 days
388,1 days
389,8 days
390,1 days
391,0 days
392,1 days
393,2 days
394,4 days
395,6 days
396,3 days
397,1 days
398,4 days
399,1 days
400,2 days
401,4 days
402,5 days
403,4 days
404,4 days
405,0 days
406,5 days
407,2 days
408,1 days
409,3 days
410,7 days
411,2 days
412,8 days
413,0 days
414,2 days
415,19 days
416,1 days
417,8 days
418,4 days
419,1 days
420,0 days
421,1 days
422,4 days
423,2 days
424,1 days
425,3 days
426,1 days
427,3 days
428,1 days
429,0 days
430,6 days
431,1 days
432,0 days
433,6 days
434,3 days
435,0 days
436,3 days
437,1 days
438,4 days
439,0 days
440,5 days
441,0 days
442,4 days
443,10 days
444,1 days
445,5 days
446,2 days
447,1 days
448,1 days
449,0 days
450,2 days
451,0 days
452,5 days
453,0 days
454,8 days
455,2 days
456,1 days
457,0 days
458,5 days
459,1 days
460,4 days
461,5 days
462,12 days
463,1 days
464,16 days
465,0 days
466,13 days
467,1 days
468,4 days
469,0 days
470,12 days
471,13 days
472,6 days
473,1 days
474,5 days
475,0 days
476,8 days
477,3 days
478,1 days
479,0 days
480,3 days
481,0 days
482,3 days
483,0 days
484,0 days
485,0 days
486,1 days
487,0 days
488,0 days
489,0 days
490,0 days
491,0 days
492,1 days
493,0 days
494,1 days
495,1 days
496,0 days
497,0 days
498,2 days
499,0 days
500,1 days
501,1 days
502,1 days
503,10 days
504,0 days
505,7 days
506,0 days
507,3 days
508,3 days
509,8 days
510,0 days
511,3 days
512,1 days
513,5 days
514,1 days
515,1 days
516,0 days
517,16 days
518,9 days
519,0 days
520,1 days
521,4 days
522,1 days
523,6 days
524,14 days
525,1 days
526,2 days
527,16 days
528,4 days
529,4 days
530,7 days
531,0 days
532,6 days
533,4 days
534,2 days
535,2 days
536,2 days
537,10 days
538,0 days
539,1 days
540,5 days
541,2 days
542,7 days
543,1 days
544,1 days
545,7 days
546,12 days
547,1 days
548,1 days
549,1 days
550,4 days
551,0 days
552,5 days
553,1 days
554,9 days
555,8 days
556,1 days
557,1 days
558,1 days
559,8 days
560,1 days
561,0 days
562,3 days
563,1 days
564,3 days
565,1 days
566,2 days
567,1 days
568,1 days
569,9 days
570,0 days
571,1 days
572,4 days
573,5 days
574,1 days
575,4 days
576,0 days
577,1 days
578,5 days
579,7 days
580,0 days
581,2 days
582,2 days
583,0 days
584,1 days
585,3 days
586,1 days
587,6 days
588,0 days
589,3 days
590,1 days
591,4 days
592,0 days
593,5 days
594,1 days
595,3 days
596,0 days
597,4 days
598,6 days
599,1 days
600,7 days
601,1 days
602,1 days
603,1 days
604,6 days
605,1 days
606,1 days
607,2 days
608,1 days
609,0 days
610,1 days
611,7 days
612,3 days
613,1 days
614,0 days
615,1 days
616,0 days
617,12 days
618,4 days
619,2 days
620,2 days
621,2 days
622,2 days
623,9 days
624,9 days
625,0 days
626,3 days
627,1 days
628,2 days
629,11 days
630,0 days
631,1 days
632,0 days
633,3 days
634,0 days
635,2 days
636,9 days
637,6 days
638,8 days
639,0 days
640,4 days
641,1 days
642,1 days
643,15 days
644,2 days
645,1 days
646,2 days
647,2 days
648,1 days
649,1 days
650,2 days
651,9 days
652,9 days
653,1 days
654,5 days
655,5 days
656,2 days
657,0 days
658,0 days
659,15 days
660,0 days
661,4 days
662,3 days
663,3 days
664,3 days
665,1 days
666,1 days
667,6 days
668,6 days
669,20 days
670,0 days
671,0 days
672,3 days
673,0 days
674,7 days
675,0 days
676,0 days
677,5 days
678,7 days
679,0 days
680,1 days
681,1 days
682,1 days
683,1 days
684,4 days
685,16 days
686,4 days
687,2 days
688,5 days
689,3 days
690,5 days
691,1 days
692,4 days
693,3 days
694,1 days
695,4 days
696,1 days
697,11 days
698,0 days
699,6 days
700,9 days
701,6 days
702,6 days
703,1 days
704,2 days
705,3 days
706,0 days
707,0 days
708,3 days
709,1 days
710,1 days
711,0 days
712,6 days
713,0 days
714,1 days
715,0 days
716,0 days
717,0 days
718,0 days
719,1 days
720,0 days
721,1 days
722,5 days
723,3 days
724,4 days
725,0 days
726,2 days
727,2 days
728,1 days
729,0 days
730,5 days
731,0 days
732,4 days
733,0 days
734,13 days
735,1 days
736,2 days
737,0 days
738,1 days
739,5 days
740,2 days
741,8 days
742,1 days
743,2 days
744,0 days
745,3 days
746,3 days
747,1 days
748,10 days
749,2 days
750,2 days
751,5 days
752,0 days
753,1 days
754,0 days
755,1 days
756,2 days
757,1 days
758,0 days
759,2 days
760,9 days
761,12 days
762,1 days
763,0 days
764,1 days
765,2 days
766,8 days
767,2 days
768,3 days
769,1 days
770,3 days
771,4 days
772,2 days
773,15 days
774,3 days
775,2 days
776,2 days
777,4 days
778,3 days
779,3 days
780,1 days
781,1 days
782,1 days
783,1 days
784,1 days
785,1 days
786,1 days
787,0 days
788,1 days
789,2 days
790,11 days
791,6 days
792,11 days
793,4 days
794,7 days
795,12 days
796,1 days
797,2 days
798,2 days
799,1 days
800,0 days
801,5 days
802,1 days
803,1 days
804,1 days
805,2 days
806,6 days
807,1 days
808,6 days
809,7 days
810,0 days
811,1 days
812,3 days
813,4 days
814,2 days
815,0 days
816,1 days
817,2 days
818,10 days
819,5 days
820,0 days
821,6 days
822,11 days
823,3 days
824,1 days
825,12 days
826,29 days
827,6 days
828,1 days
829,2 days
830,1 days
831,1 days
832,1 days
833,0 days
834,0 days
835,2 days
836,1 days
837,10 days
838,1 days
839,3 days
840,7 days
841,2 days
842,3 days
843,1 days
844,0 days
845,1 days
846,1 days
847,0 days
848,4 days
849,1 days
850,1 days
851,2 days
852,0 days
853,4 days
854,2 days
855,3 days
856,1 days
857,1 days
858,3 days
859,9 days
860,6 days
861,8 days
862,7 days
863,1 days
864,2 days
865,3 days
866,2 days
867,1 days
868,4 days
869,3 days
870,1 days
871,14 days
872,5 days
873,0 days
874,2 days
875,4 days
876,1 days
877,1 days
878,7 days
879,5 days
880,1 days
881,6 days
882,7 days
883,1 days
884,12 days
885,4 days
886,8 days
887,2 days
888,5 days
889,2 days
890,6 days
891,11 days
892,3 days
893,4 days
894,8 days
895,4 days
896,1 days
897,1 days
898,16 days
899,4 days
900,0 days
901,1 days
902,4 days
903,2 days
904,3 days
905,7 days
906,2 days
907,36 days
908,4 days
909,4 days
910,8 days
911,7 days
912,2 days
913,5 days
914,2 days
915,11 days
916,9 days
917,8 days
918,1 days
919,4 days
920,2 days
921,0 days
922,0 days
923,4 days
924,5 days
925,2 days
926,10 days
927,0 days
928,15 days
929,6 days
930,3 days
931,4 days
932,4 days
933,6 days
934,0 days
935,1 days
936,3 days
937,2 days
938,14 days
939,2 days
940,10 days
941,0 days
942,2 days
943,11 days
944,20 days
945,0 days
946,19 days
947,0 days
948,1 days
949,1 days
950,0 days
951,3 days
952,3 days
953,3 days
954,2 days
955,1 days
956,13 days
957,2 days
958,4 days
959,1 days
960,1 days
961,5 days
962,10 days
963,3 days
964,9 days
965,0 days
966,3 days
967,3 days
968,3 days
969,0 days
970,14 days
971,0 days
972,35 days
973,11 days
974,2 days
975,0 days
976,1 days
977,4 days
978,11 days
979,5 days
980,12 days
981,7 days
982,6 days
983,0 days
984,2 days
985,5 days
986,1 days
987,1 days
988,9 days
989,16 days
990,1 days
991,2 days
992,0 days
993,10 days
994,0 days
995,7 days
996,11 days
997,9 days
998,14 days
999,2 days
1000,4 days
1001,0 days
1002,6 days
1003,5 days
1004,1 days
1005,1 days
1006,0 days
1007,1 days
1008,5 days
1009,7 days
1010,4 days
1011,2 days
1012,4 days
1013,7 days
1014,0 days
1015,1 days
1016,9 days
1017,1 days
1018,7 days
1019,2 days
1020,4 days
1021,1 days
1022,17 days
1023,3 days
1024,4 days
1025,3 days
1026,14 days
1027,5 days
1028,6 days
1029,8 days
1030,2 days
1031,3 days
1032,15 days
1033,0 days
1034,11 days
1035,2 days
1036,6 days
1037,0 days
1038,5 days
1039,5 days
1040,4 days
1041,1 days
1042,2 days
1043,6 days
1044,1 days
1045,0 days
1046,3 days
1047,2 days
1048,5 days
1049,4 days
1050,0 days
1051,3 days
1052,5 days
1053,7 days
1054,5 days
1055,3 days
1056,10 days
1057,3 days
1058,1 days
1059,3 days
1060,11 days
1061,3 days
1062,1 days
1063,1 days
1064,1 days
1065,6 days
1066,1 days
1067,6 days
1068,9 days
1069,0 days
1070,2 days
1071,4 days
1072,2 days
1073,0 days
1074,4 days
1075,0 days
1076,0 days
1077,1 days
1078,0 days
1079,1 days
1080,8 days
1081,3 days
1082,4 days
1083,4 days
1084,5 days
1085,8 days
1086,14 days
1087,5 days
1088,8 days
1089,5 days
1090,0 days
1091,5 days
1092,2 days
1093,2 days
1094,0 days
1095,3 days
1096,1 days
1097,4 days
1098,0 days
1099,6 days
1100,1 days
1101,2 days
1102,1 days
1103,0 days
1104,0 days
1105,5 days
1106,2 days
1107,3 days
1108,1 days
1109,5 days
1110,9 days
1111,10 days
1112,4 days
1113,0 days
1114,1 days
1115,9 days
1116,8 days
1117,8 days
1118,1 days
1119,3 days
1120,3 days
1121,8 days
1122,4 days
1123,1 days
1124,0 days
1125,0 days
1126,0 days
1127,1 days
1128,0 days
1129,6 days
1130,2 days
1131,1 days
1132,11 days
1133,11 days
1134,0 days
1135,18 days
1136,4 days
1137,5 days
1138,11 days
1139,5 days
1140,8 days
1141,2 days
1142,0 days
1143,1 days
1144,5 days
1145,15 days
1146,5 days
1147,1 days
1148,1 days
1149,5 days
1150,0 days
1151,0 days
1152,4 days
1153,2 days
1154,1 days
1155,11 days
1156,0 days
1157,2 days
1158,3 days
1159,2 days
1160,2 days
1161,0 days
1162,8 days
1163,2 days
1164,2 days
1165,1 days
1166,5 days
1167,1 days
1168,3 days
1169,12 days
1170,0 days
1171,3 days
1172,3 days
1173,4 days
1174,5 days
1175,0 days
1176,1 days
1177,1 days
1178,0 days
1179,0 days
1180,3 days
1181,2 days
1182,10 days
1183,4 days
1184,0 days
1185,1 days
1186,4 days
1187,2 days
1188,30 days
1189,8 days
1190,5 days
1191,24 days
1192,4 days
1193,4 days
1194,1 days
1195,0 days
1196,8 days
1197,1 days
1198,2 days
1199,0 days
1200,6 days
1201,2 days
1202,1 days
1203,3 days
1204,14 days
1205,6 days
1206,12 days
1207,0 days
1208,1 days
1209,4 days
1210,11 days
1211,14 days
1212,5 days
1213,5 days
1214,6 days
1215,3 days
1216,11 days
1217,2 days
1218,14 days
1219,3 days
1220,2 days
1221,9 days
1222,1 days
1223,18 days
1224,0 days
1225,0 days
1226,1 days
1227,0 days
1228,0 days
1229,62 days
1230,18 days
1231,11 days
1232,0 days
1233,3 days
1234,5 days
1235,6 days
1236,7 days
1237,8 days
1238,0 days
1239,0 days
1240,1 days
1241,5 days
1242,0 days
1243,1 days
1244,1 days
1245,2 days
1246,2 days
1247,4 days
1248,0 days
1249,0 days
1250,0 days
1251,13 days
1252,20 days
1253,3 days
1254,7 days
1255,5 days
1256,9 days
1257,4 days
1258,14 days
1259,5 days
1260,1 days
1261,10 days
1262,4 days
1263,5 days
1264,8 days
1265,7 days
1266,17 days
1267,0 days
1268,1 days
1269,10 days
1270,15 days
1271,1 days
1272,1 days
1273,0 days
1274,9 days
1275,1 days
1276,10 days
1277,0 days
1278,1 days
1279,0 days
1280,3 days
1281,8 days
1282,4 days
1283,3 days
1284,0 days
1285,1 days
1286,0 days
1287,0 days
1288,0 days
1289,1 days
1290,0 days
1291,0 days
1292,10 days
1293,1 days
1294,6 days
1295,2 days
1296,17 days
1297,14 days
1298,10 days
1299,1 days
1300,2 days
1301,16 days
1302,0 days
1303,1 days
1304,2 days
1305,0 days
1306,3 days
1307,3 days
1308,4 days
1309,8 days
1310,21 days
1311,1 days
1312,10 days
1313,0 days
1314,2 days
1315,10 days
1316,6 days
1317,2 days
1318,9 days
1319,1 days
1320,14 days
1321,7 days
1322,39 days
1323,3 days
1324,0 days
1325,1 days
1326,2 days
1327,22 days
1328,7 days
1329,6 days
1330,2 days
1331,4 days
1332,3 days
1333,2 days
1334,2 days
1335,17 days
1336,5 days
1337,0 days
1338,9 days
1339,1 days
1340,1 days
1341,11 days
1342,4 days
1343,2 days
1344,3 days
1345,0 days
1346,2 days
1347,2 days
1348,8 days
1349,9 days
1350,3 days
1351,2 days
1352,1 days
1353,4 days
1354,4 days
1355,18 days
1356,4 days
1357,1 days
1358,13 days
1359,3 days
1360,15 days
1361,2 days
1362,2 days
1363,4 days
1364,1 days
1365,5 days
1366,3 days
1367,20 days
1368,1 days
1369,2 days
1370,2 days
1371,4 days
1372,8 days
1373,15 days
1374,11 days
1375,1 days
1376,11 days
1377,1 days
1378,1 days
1379,2 days
1380,4 days
1381,1 days
1382,1 days
1383,17 days
1384,11 days
1385,6 days
1386,13 days
1387,3 days
1388,2 days
1389,3 days
1390,2 days
1391,1 days
1392,4 days
1393,0 days
1394,6 days
1395,0 days
1396,4 days
1397,3 days
1398,4 days
1399,0 days
1400,1 days
1401,2 days
1402,3 days
1403,4 days
1404,1 days
1405,3 days
1406,14 days
1407,1 days
1408,3 days
1409,2 days
1410,6 days
1411,9 days
1412,33 days
1413,1 days
1414,3 days
1415,6 days
1416,9 days
1417,1 days
1418,4 days
1419,2 days
1420,2 days
1421,6 days
1422,16 days
1423,0 days
1424,2 days
1425,5 days
1426,0 days
1427,1 days
1428,10 days
1429,2 days
1430,1 days
1431,6 days
1432,14 days
1433,5 days
1434,3 days
1435,2 days
1436,1 days
1437,10 days
1438,0 days
1439,0 days
1440,1 days
1441,1 days
1442,0 days
1443,0 days
1444,13 days
1445,9 days
1446,0 days
1447,1 days
1448,4 days
1449,2 days
1450,4 days
1451,9 days
1452,1 days
1453,0 days
1454,0 days
1455,5 days
1456,2 days
1457,1 days
1458,2 days
1459,3 days
1460,7 days
1461,0 days
1462,4 days
1463,7 days
1464,12 days
1465,3 days
1466,21 days
1467,12 days
1468,12 days
1469,2 days
1470,0 days
1471,14 days
1472,0 days
1473,1 days
1474,0 days
1475,0 days
1476,1 days
1477,1 days
1478,2 days
1479,0 days
1480,3 days
1481,7 days
1482,3 days
1483,8 days
1484,4 days
1485,18 days
1486,4 days
1487,2 days
1488,2 days
1489,0 days
1490,12 days
1491,2 days
1492,16 days
1493,0 days
1494,0 days
1495,1 days
1496,0 days
1497,0 days
1498,3 days
1499,1 days
1500,0 days
1501,0 days
1502,7 days
1503,18 days
1504,5 days
1505,2 days
1506,1 days
1507,7 days
1508,2 days
1509,17 days
1510,3 days
1511,14 days
1512,15 days
1513,1 days
1514,2 days
1515,3 days
1516,2 days
1517,4 days
1518,19 days
1519,9 days
1520,8 days
1521,25 days
1522,1 days
1523,7 days
1524,1 days
1525,13 days
1526,1 days
1527,34 days
1528,2 days
1529,1 days
1530,2 days
1531,6 days
1532,5 days
1533,8 days
1534,9 days
1535,5 days
1536,7 days
1537,1 days
1538,8 days
1539,3 days
1540,6 days
1541,1 days
1542,2 days
1543,1 days
1544,9 days
1545,6 days
1546,2 days
1547,0 days
1548,12 days
1549,6 days
1550,7 days
1551,5 days
1552,2 days
1553,1 days
1554,0 days
1555,5 days
1556,2 days
1557,1 days
1558,7 days
1559,7 days
1560,2 days
1561,0 days
1562,3 days
1563,1 days
1564,1 days
1565,3 days
1566,23 days
1567,0 days
1568,19 days
1569,10 days
1570,7 days
1571,1 days
1572,8 days
1573,6 days
1574,5 days
1575,8 days
1576,7 days
1577,5 days
1578,24 days
1579,0 days
1580,1 days
1581,1 days
1582,5 days
1583,0 days
1584,4 days
1585,8 days
1586,3 days
1587,5 days
1588,3 days
1589,4 days
1590,0 days
1591,3 days
1592,10 days
1593,6 days
1594,0 days
1595,8 days
1596,5 days
1597,2 days
1598,5 days
1599,5 days
1600,2 days
1601,7 days
1602,8 days
1603,0 days
1604,1 days
1605,0 days
1606,2 days
1607,8 days
1608,1 days
1609,2 days
1610,3 days
1611,1 days
1612,7 days
1613,9 days
1614,35 days
1615,5 days
1616,2 days
1617,1 days
1618,2 days
1619,12 days
1620,2 days
1621,8 days
1622,3 days
1623,1 days
1624,2 days
1625,1 days
1626,0 days
1627,8 days
1628,4 days
1629,7 days
1630,0 days
1631,1 days
1632,7 days
1633,1 days
1634,1 days
1635,4 days
1636,2 days
1637,0 days
1638,2 days
1639,0 days
1640,17 days
1641,1 days
1642,1 days
1643,0 days
1644,6 days
1645,5 days
1646,1 days
1647,2 days
1648,10 days
1649,2 days
1650,3 days
1651,3 days
1652,2 days
1653,1 days
1654,2 days
1655,0 days
1656,11 days
1657,1 days
1658,0 days
1659,0 days
1660,4 days
1661,3 days
1662,1 days
1663,5 days
1664,1 days
1665,6 days
1666,6 days
1667,1 days
1668,1 days
1669,0 days
1670,7 days
1671,0 days
1672,1 days
1673,0 days
1674,1 days
1675,4 days
1676,11 days
1677,6 days
1678,0 days
1679,1 days
1680,7 days
1681,0 days
1682,3 days
1683,9 days
1684,0 days
1685,3 days
1686,0 days
1687,0 days
1688,9 days
1689,2 days
1690,0 days
1691,2 days
1692,4 days
1693,1 days
1694,0 days
1695,2 days
1696,10 days
1697,0 days
1698,9 days
1699,4 days
1700,11 days
1701,0 days
1702,8 days
1703,5 days
1704,8 days
1705,5 days
1706,2 days
1707,1 days
1708,2 days
1709,0 days
1710,4 days
1711,3 days
1712,10 days
1713,4 days
1714,1 days
1715,6 days
1716,1 days
1717,0 days
1718,1 days
1719,0 days
1720,5 days
1721,0 days
1722,0 days
1723,3 days
1724,1 days
1725,1 days
1726,1 days
1727,2 days
1728,1 days
1729,7 days
1730,0 days
1731,0 days
1732,9 days
1733,0 days
1734,4 days
1735,0 days
1736,2 days
1737,2 days
1738,1 days
1739,0 days
1740,5 days
1741,2 days
1742,1 days
1743,0 days
1744,5 days
1745,3 days
1746,1 days
1747,3 days
1748,0 days
1749,0 days
1750,5 days
1751,1 days
1752,0 days
1753,1 days
1754,0 days
1755,8 days
1756,2 days
1757,1 days
1758,0 days
1759,6 days
1760,8 days
1761,3 days
1762,0 days
1763,8 days
1764,5 days
1765,0 days
1766,6 days
1767,1 days
1768,8 days
1769,1 days
1770,9 days
1771,8 days
1772,1 days
1773,6 days
1774,7 days
1775,2 days
1776,3 days
1777,3 days
1778,10 days
1779,0 days
1780,7 days
1781,5 days
1782,2 days
1783,2 days
1784,0 days
1785,1 days
1786,1 days
1787,0 days
1788,0 days
1789,1 days
1790,13 days
1791,9 days
1792,0 days
1793,6 days
1794,2 days
1795,1 days
1796,0 days
1797,0 days
1798,4 days
1799,7 days
1800,2 days
1801,3 days
1802,4 days
1803,2 days
1804,1 days
1805,3 days
1806,1 days
1807,2 days
1808,0 days
1809,4 days
1810,4 days
1811,3 days
1812,4 days
1813,5 days
1814,2 days
1815,7 days
1816,14 days
1817,0 days
1818,5 days
1819,12 days
1820,3 days
1821,4 days
1822,1 days
1823,0 days
1824,10 days
1825,0 days
1826,1 days
1827,2 days
1828,4 days
1829,0 days
1830,1 days
1831,4 days
1832,0 days
1833,6 days
1834,0 days
1835,6 days
1836,8 days
1837,1 days
1838,0 days
1839,0 days
1840,2 days
1841,5 days
1842,6 days
1843,0 days
1844,1 days
1845,2 days
1846,1 days
1847,2 days
1848,0 days
1849,14 days
1850,0 days
1851,2 days
1852,0 days
1853,0 days
1854,3 days
1855,1 days
1856,0 days
1857,1 days
1858,1 days
1859,0 days
1860,0 days
1861,9 days
1862,0 days
1863,1 days
1864,4 days
1865,4 days
1866,5 days
1867,1 days
1868,4 days
1869,3 days
1870,4 days
1871,2 days
1872,6 days
1873,5 days
1874,1 days
1875,6 days
1876,1 days
1877,3 days
1878,5 days
1879,5 days
1880,0 days
1881,23 days
1882,5 days
1883,1 days
1884,1 days
1885,1 days
1886,0 days
1887,1 days
1888,0 days
1889,0 days
1890,0 days
1891,0 days
1892,0 days
1893,0 days
1894,1 days
1895,4 days
1896,4 days
1897,3 days
1898,1 days
1899,1 days
1900,1 days
1901,3 days
1902,3 days
1903,0 days
1904,2 days
1905,1 days
1906,6 days
1907,0 days
1908,4 days
1909,2 days
1910,0 days
1911,1 days
1912,3 days
1913,6 days
1914,1 days
1915,3 days
1916,1 days
1917,7 days
1918,1 days
1919,4 days
1920,3 days
1921,1 days
1922,4 days
1923,1 days
1924,1 days
1925,3 days
1926,5 days
1927,10 days
1928,0 days
1929,1 days
1930,1 days
1931,1 days
1932,4 days
1933,13 days
1934,0 days
1935,10 days
1936,0 days
1937,0 days
1938,3 days
1939,2 days
1940,2 days
1941,7 days
1942,5 days
1943,6 days
1944,1 days
1945,4 days
1946,2 days
1947,4 days
1948,1 days
1949,0 days
1950,2 days
1951,0 days
1952,1 days
1953,0 days
1954,9 days
1955,2 days
1956,5 days
1957,13 days
1958,0 days
1959,1 days
1960,4 days
1961,0 days
1962,4 days
1963,2 days
1964,5 days
1965,1 days
1966,0 days
1967,7 days
1968,1 days
1969,1 days
1970,3 days
1971,0 days
1972,3 days
1973,0 days
1974,17 days
1975,0 days
1976,2 days
1977,0 days
1978,2 days
1979,4 days
1980,1 days
1981,0 days
1982,1 days
1983,4 days
1984,2 days
1985,2 days
1986,1 days
1987,5 days
1988,6 days
1989,0 days
1990,16 days
1991,2 days
1992,0 days
1993,5 days
1994,0 days
1995,0 days
1996,2 days
1997,1 days
1998,1 days
1999,2 days
2000,1 days
2001,0 days
2002,2 days
2003,4 days
2004,12 days
2005,7 days
2006,12 days
2007,9 days
2008,12 days
2009,9 days
2010,1 days
2011,1 days
2012,6 days
2013,1 days
2014,1 days
2015,7 days
2016,2 days
2017,0 days
2018,2 days
2019,15 days
2020,4 days
2021,0 days
2022,2 days
2023,4 days
2024,10 days
2025,1 days
2026,1 days
2027,3 days
2028,2 days
2029,0 days
2030,1 days
2031,0 days
2032,3 days
2033,4 days
2034,2 days
2035,3 days
2036,1 days
2037,5 days
2038,0 days
2039,8 days
2040,5 days
2041,3 days
2042,5 days
2043,1 days
2044,1 days
2045,1 days
2046,0 days
2047,1 days
2048,4 days
2049,0 days
2050,0 days
2051,4 days
2052,1 days
2053,2 days
2054,4 days
2055,2 days
2056,2 days
2057,7 days
2058,3 days
2059,2 days
2060,0 days
2061,4 days
2062,16 days
2063,4 days
2064,1 days
2065,1 days
2066,0 days
2067,1 days
2068,0 days
2069,1 days
2070,2 days
2071,0 days
2072,3 days
2073,7 days
2074,6 days
2075,6 days
2076,1 days
2077,1 days
2078,0 days
2079,1 days
2080,2 days
2081,1 days
2082,27 days
2083,0 days
2084,3 days
2085,3 days
2086,0 days
2087,3 days
2088,0 days
2089,0 days
2090,1 days
2091,0 days
2092,1 days
2093,5 days
2094,8 days
2095,7 days
2096,0 days
2097,9 days
2098,8 days
2099,6 days
2100,0 days
2101,12 days
2102,1 days
2103,1 days
2104,1 days
2105,3 days
2106,0 days
2107,3 days
2108,6 days
2109,0 days
2110,0 days
2111,1 days
2112,1 days
2113,4 days
2114,0 days
2115,5 days
2116,10 days
2117,5 days
2118,1 days
2119,7 days
2120,0 days
2121,1 days
2122,1 days
2123,0 days
2124,2 days
2125,1 days
2126,0 days
2127,2 days
2128,3 days
2129,1 days
2130,1 days
2131,5 days
2132,0 days
2133,2 days
2134,2 days
2135,3 days
2136,0 days
2137,3 days
2138,0 days
2139,1 days
2140,0 days
2141,0 days
2142,0 days
2143,6 days
2144,1 days
2145,5 days
2146,0 days
2147,1 days
2148,2 days
2149,1 days
2150,0 days
2151,4 days
2152,0 days
2153,6 days
2154,2 days
2155,4 days
2156,1 days
2157,1 days
2158,5 days
2159,2 days
2160,5 days
2161,1 days
2162,3 days
2163,0 days
2164,4 days
2165,6 days
2166,0 days
2167,1 days
2168,0 days
2169,1 days
2170,4 days
2171,1 days
2172,0 days
2173,6 days
2174,0 days
2175,0 days
2176,1 days
2177,17 days
2178,0 days
2179,1 days
2180,1 days
2181,2 days
2182,1 days
2183,4 days
2184,3 days
2185,1 days
2186,2 days
2187,1 days
2188,3 days
2189,2 days
2190,1 days
2191,0 days
2192,9 days
2193,0 days
2194,2 days
2195,2 days
2196,5 days
2197,2 days
2198,22 days
2199,2 days
2200,3 days
2201,2 days
2202,1 days
2203,2 days
2204,8 days
2205,6 days
2206,2 days
2207,0 days
2208,1 days
2209,3 days
2210,10 days
2211,5 days
2212,1 days
2213,0 days
2214,5 days
2215,0 days
2216,0 days
2217,2 days
2218,3 days
2219,0 days
2220,1 days
2221,2 days
2222,0 days
2223,2 days
2224,4 days
2225,4 days
2226,9 days
2227,0 days
2228,2 days
2229,2 days
2230,3 days
2231,2 days
2232,4 days
2233,7 days
2234,3 days
2235,0 days
2236,1 days
2237,6 days
2238,0 days
2239,0 days
2240,1 days
2241,1 days
2242,0 days
2243,1 days
2244,0 days
2245,1 days
2246,2 days
2247,4 days
2248,3 days
2249,0 days
2250,5 days
2251,1 days
2252,4 days
2253,10 days
2254,16 days
2255,3 days
2256,4 days
2257,2 days
2258,1 days
2259,0 days
2260,0 days
2261,6 days
2262,8 days
2263,0 days
2264,1 days
2265,0 days
2266,0 days
2267,1 days
2268,0 days
2269,6 days
2270,7 days
2271,2 days
2272,2 days
2273,2 days
2274,3 days
2275,6 days
2276,0 days
2277,4 days
2278,0 days
2279,8 days
2280,3 days
2281,2 days
2282,2 days
2283,5 days
2284,3 days
2285,1 days
2286,5 days
2287,0 days
2288,4 days
2289,1 days
2290,4 days
2291,8 days
2292,6 days
2293,2 days
2294,1 days
2295,0 days
2296,1 days
2297,0 days
2298,1 days
2299,10 days
2300,1 days
2301,3 days
2302,1 days
2303,9 days
2304,4 days
2305,2 days
2306,6 days
2307,1 days
2308,6 days
2309,1 days
2310,13 days
2311,1 days
2312,2 days
2313,1 days
2314,13 days
2315,4 days
2316,0 days
2317,2 days
2318,2 days
2319,1 days
2320,3 days
2321,6 days
2322,0 days
2323,0 days
2324,4 days
2325,0 days
2326,0 days
2327,1 days
2328,0 days
2329,3 days
2330,0 days
2331,1 days
2332,2 days
2333,3 days
2334,18 days
2335,7 days
2336,1 days
2337,16 days
2338,3 days
2339,4 days
2340,2 days
2341,22 days
2342,2 days
2343,2 days
2344,0 days
2345,1 days
2346,0 days
2347,1 days
2348,7 days
2349,3 days
2350,1 days
2351,2 days
2352,5 days
2353,5 days
2354,5 days
2355,2 days
2356,1 days
2357,8 days
2358,8 days
2359,9 days
2360,7 days
2361,1 days
2362,2 days
2363,5 days
2364,5 days
2365,0 days
2366,5 days
2367,8 days
2368,0 days
2369,6 days
2370,4 days
2371,2 days
2372,9 days
2373,2 days
2374,1 days
2375,0 days
2376,6 days
2377,2 days
2378,2 days
2379,1 days
2380,6 days
2381,19 days
2382,1 days
2383,5 days
2384,4 days
2385,1 days
2386,2 days
2387,2 days
2388,5 days
2389,0 days
2390,2 days
2391,1 days
2392,5 days
2393,2 days
2394,3 days
2395,6 days
2396,1 days
2397,4 days
2398,1 days
2399,3 days
2400,1 days
2401,3 days
2402,4 days
2403,11 days
2404,5 days
2405,9 days
2406,1 days
2407,0 days
2408,7 days
2409,0 days
2410,11 days
2411,8 days
2412,9 days
2413,1 days
2414,2 days
2415,7 days
2416,2 days
2417,2 days
2418,6 days
2419,0 days
2420,0 days
2421,0 days
2422,1 days
2423,0 days
2424,0 days
2425,0 days
2426,8 days
2427,6 days
2428,0 days
2429,9 days
2430,1 days
2431,2 days
2432,0 days
2433,1 days
2434,3 days
2435,2 days
2436,3 days
2437,12 days
2438,0 days
2439,0 days
2440,0 days
2441,10 days
2442,1 days
2443,0 days
2444,5 days
2445,3 days
2446,1 days
2447,0 days
2448,2 days
2449,3 days
2450,0 days
2451,5 days
2452,10 days
2453,3 days
2454,2 days
2455,4 days
2456,4 days
2457,0 days
2458,4 days
2459,4 days
2460,1 days
2461,1 days
2462,3 days
2463,3 days
2464,5 days
2465,3 days
2466,7 days
2467,5 days
2468,5 days
2469,5 days
2470,8 days
2471,14 days
2472,3 days
2473,0 days
2474,9 days
2475,2 days
2476,0 days
2477,1 days
2478,4 days
2479,2 days
2480,5 days
2481,0 days
2482,0 days
2483,1 days
2484,1 days
2485,0 days
2486,7 days
2487,3 days
2488,1 days
2489,5 days
2490,4 days
2491,0 days
2492,0 days
2493,9 days
2494,0 days
2495,2 days
2496,1 days
2497,5 days
2498,6 days
2499,1 days
2500,0 days
2501,1 days
2502,2 days
2503,5 days
2504,0 days
2505,0 days
2506,2 days
2507,3 days
2508,0 days
2509,1 days
2510,6 days
2511,3 days
2512,1 days
2513,1 days
2514,1 days
2515,6 days
2516,0 days
2517,0 days
2518,2 days
2519,2 days
2520,0 days
2521,0 days
2522,5 days
2523,1 days
2524,0 days
2525,1 days
2526,1 days
2527,6 days
2528,1 days
2529,6 days
2530,0 days
2531,3 days
2532,3 days
2533,3 days
2534,0 days
2535,3 days
2536,13 days
2537,1 days
2538,3 days
2539,1 days
2540,2 days
2541,1 days
2542,0 days
2543,5 days
2544,5 days
2545,7 days
2546,2 days
2547,0 days
2548,0 days
2549,5 days
2550,2 days
2551,2 days
2552,2 days
2553,1 days
2554,1 days
2555,7 days
2556,8 days
2557,15 days
2558,6 days
2559,0 days
2560,0 days
2561,0 days
2562,5 days
2563,2 days
2564,10 days
2565,0 days
2566,5 days
2567,2 days
2568,8 days
2569,1 days
2570,11 days
2571,0 days
2572,6 days
2573,3 days
2574,7 days
2575,1 days
2576,6 days
2577,6 days
2578,6 days
2579,2 days
2580,0 days
2581,0 days
2582,4 days
2583,4 days
2584,0 days
2585,8 days
2586,1 days
2587,2 days
2588,2 days
2589,2 days
2590,3 days
2591,1 days
2592,9 days
2593,5 days
2594,2 days
2595,0 days
2596,6 days
2597,9 days
2598,0 days
2599,0 days
2600,1 days
2601,6 days
2602,2 days
2603,3 days
2604,8 days
2605,2 days
2606,5 days
2607,3 days
2608,5 days
2609,5 days
2610,5 days
2611,9 days
2612,0 days
2613,1 days
2614,0 days
2615,1 days
2616,13 days
2617,3 days
2618,2 days
2619,0 days
2620,0 days
2621,5 days
2622,0 days
2623,2 days
2624,2 days
2625,1 days
2626,3 days
2627,3 days
2628,7 days
2629,2 days
2630,2 days
2631,3 days
2632,6 days
2633,8 days
2634,2 days
2635,1 days
2636,5 days
2637,0 days
2638,0 days
2639,5 days
2640,2 days
2641,1 days
2642,9 days
2643,2 days
2644,1 days
2645,1 days
2646,7 days
2647,0 days
2648,1 days
2649,25 days
2650,6 days
2651,1 days
2652,1 days
2653,1 days
2654,17 days
2655,0 days
2656,0 days
2657,15 days
2658,3 days
2659,7 days
2660,2 days
2661,12 days
2662,1 days
2663,1 days
2664,0 days
2665,0 days
2666,1 days
2667,2 days
2668,1 days
2669,1 days
2670,11 days
2671,2 days
2672,3 days
2673,1 days
2674,0 days
2675,2 days
2676,6 days
2677,6 days
2678,1 days
2679,1 days
2680,5 days
2681,7 days
2682,8 days
2683,0 days
2684,2 days
2685,0 days
2686,0 days
2687,0 days
2688,4 days
2689,2 days
2690,3 days
2691,5 days
2692,0 days
2693,1 days
2694,1 days
2695,4 days
2696,11 days
2697,7 days
2698,13 days
2699,4 days
2700,7 days
2701,4 days
2702,0 days
2703,10 days
2704,4 days
2705,2 days
2706,1 days
2707,0 days
2708,2 days
2709,0 days
2710,4 days
2711,2 days
2712,0 days
2713,0 days
2714,6 days
2715,12 days
2716,3 days
2717,2 days
2718,1 days
2719,10 days
2720,2 days
2721,1 days
2722,4 days
2723,0 days
2724,0 days
2725,1 days
2726,1 days
2727,1 days
2728,0 days
2729,8 days
2730,8 days
2731,3 days
2732,0 days
2733,1 days
2734,0 days
2735,1 days
2736,0 days
2737,1 days
2738,0 days
2739,2 days
2740,1 days
2741,1 days
2742,3 days
2743,2 days
2744,3 days
2745,3 days
2746,1 days
2747,6 days
2748,6 days
2749,2 days
2750,4 days
2751,1 days
2752,1 days
2753,2 days
2754,3 days
2755,0 days
2756,12 days
2757,1 days
2758,1 days
2759,1 days
2760,0 days
2761,5 days
2762,0 days
2763,0 days
2764,0 days
2765,2 days
2766,9 days
2767,1 days
2768,3 days
2769,0 days
2770,2 days
2771,0 days
2772,3 days
2773,1 days
2774,1 days
2775,2 days
2776,2 days
2777,3 days
2778,3 days
2779,0 days
2780,0 days
2781,0 days
2782,0 days
2783,5 days
2784,0 days
2785,4 days
2786,1 days
2787,1 days
2788,3 days
2789,0 days
2790,7 days
2791,2 days
2792,4 days
2793,9 days
2794,2 days
2795,2 days
2796,2 days
2797,0 days
2798,1 days
2799,5 days
2800,5 days
2801,4 days
2802,2 days
2803,0 days
2804,1 days
2805,0 days
2806,1 days
2807,2 days
2808,1 days
2809,0 days
2810,1 days
2811,0 days
2812,0 days
2813,1 days
2814,5 days
2815,1 days
2816,1 days
2817,0 days
2818,4 days
2819,0 days
2820,1 days
2821,1 days
2822,2 days
2823,3 days
2824,1 days
2825,9 days
2826,7 days
2827,14 days
2828,0 days
2829,6 days
2830,1 days
2831,1 days
2832,4 days
2833,2 days
2834,5 days
2835,10 days
2836,3 days
2837,2 days
2838,0 days
2839,3 days
2840,1 days
2841,1 days
2842,0 days
2843,18 days
2844,6 days
2845,5 days
2846,11 days
2847,5 days
2848,0 days
2849,0 days
2850,3 days
2851,0 days
2852,1 days
2853,2 days
2854,3 days
2855,5 days
2856,0 days
2857,1 days
2858,15 days
2859,11 days
2860,1 days
2861,1 days
2862,0 days
2863,1 days
2864,5 days
2865,8 days
2866,4 days
2867,5 days
2868,2 days
2869,2 days
2870,0 days
2871,1 days
2872,1 days
2873,0 days
2874,1 days
2875,6 days
2876,0 days
2877,1 days
2878,4 days
2879,1 days
2880,4 days
2881,3 days
2882,2 days
2883,0 days
2884,4 days
2885,0 days
2886,0 days
2887,3 days
2888,3 days
2889,0 days
2890,11 days
2891,1 days
2892,6 days
2893,3 days
2894,2 days
2895,1 days
2896,0 days
2897,10 days
2898,6 days
2899,6 days
2900,1 days
2901,3 days
2902,0 days
2903,0 days
2904,1 days
2905,1 days
2906,0 days
2907,1 days
2908,0 days
2909,1 days
2910,2 days
2911,7 days
2912,1 days
2913,4 days
2914,7 days
2915,2 days
2916,1 days
2917,2 days
2918,1 days
2919,3 days
2920,3 days
2921,5 days
2922,1 days
2923,1 days
2924,2 days
2925,4 days
2926,1 days
2927,2 days
2928,0 days
2929,1 days
2930,2 days
2931,3 days
2932,6 days
2933,2 days
2934,0 days
2935,3 days
2936,8 days
2937,1 days
2938,0 days
2939,11 days
2940,8 days
2941,6 days
2942,7 days
2943,13 days
2944,0 days
2945,1 days
2946,6 days
2947,4 days
2948,9 days
2949,0 days
2950,5 days
2951,7 days
2952,1 days
2953,6 days
2954,2 days
2955,0 days
2956,2 days
2957,4 days
2958,7 days
2959,4 days
2960,6 days
2961,1 days
2962,0 days
2963,3 days
2964,0 days
2965,1 days
2966,0 days
2967,0 days
2968,2 days
2969,5 days
2970,1 days
2971,0 days
2972,2 days
2973,3 days
2974,8 days
2975,5 days
2976,0 days
2977,1 days
2978,16 days
2979,5 days
2980,1 days
2981,2 days
2982,2 days
2983,3 days
2984,5 days
2985,3 days
2986,2 days
2987,4 days
2988,2 days
2989,2 days
2990,1 days
2991,1 days
2992,1 days
2993,6 days
2994,1 days
2995,0 days
2996,7 days
2997,5 days
2998,0 days
2999,0 days
3000,1 days
3001,1 days
3002,4 days
3003,4 days
3004,1 days
3005,1 days
3006,1 days
3007,0 days
3008,1 days
3009,3 days
3010,0 days
3011,0 days
3012,4 days
3013,2 days
3014,0 days
3015,3 days
3016,9 days
3017,3 days
3018,4 days
3019,9 days
3020,0 days
3021,0 days
3022,8 days
3023,3 days
3024,1 days
3025,10 days
3026,1 days
3027,3 days
3028,6 days
3029,4 days
3030,1 days
3031,1 days
3032,2 days
3033,6 days
3034,2 days
3035,1 days
3036,1 days
3037,2 days
3038,10 days
3039,0 days
3040,3 days
3041,7 days
3042,4 days
3043,1 days
3044,3 days
3045,0 days
3046,3 days
3047,0 days
3048,0 days
3049,0 days
3050,1 days
3051,3 days
3052,1 days
3053,0 days
3054,3 days
3055,1 days
3056,2 days
3057,1 days
3058,11 days
3059,0 days
3060,4 days
3061,4 days
3062,1 days
3063,9 days
3064,1 days
3065,5 days
3066,0 days
3067,20 days
3068,2 days
3069,2 days
3070,1 days
3071,12 days
3072,1 days
3073,0 days
3074,0 days
3075,2 days
3076,2 days
3077,5 days
3078,10 days
3079,0 days
3080,1 days
3081,2 days
3082,2 days
3083,0 days
3084,3 days
3085,3 days
3086,7 days
3087,2 days
3088,3 days
3089,2 days
3090,3 days
3091,0 days
3092,0 days
3093,6 days
3094,2 days
3095,2 days
3096,0 days
3097,0 days
3098,11 days
3099,2 days
3100,6 days
3101,5 days
3102,0 days
3103,6 days
3104,1 days
3105,5 days
3106,7 days
3107,1 days
3108,0 days
3109,5 days
3110,0 days
3111,1 days
3112,3 days
3113,0 days
3114,1 days
3115,2 days
3116,1 days
3117,0 days
3118,0 days
3119,0 days
3120,2 days
3121,0 days
3122,0 days
3123,4 days
3124,1 days
3125,0 days
3126,1 days
3127,3 days
3128,0 days
3129,2 days
3130,1 days
3131,0 days
3132,1 days
3133,2 days
3134,5 days
3135,1 days
3136,1 days
3137,1 days
3138,0 days
3139,1 days
3140,1 days
3141,4 days
3142,0 days
3143,1 days
3144,3 days
3145,1 days
3146,2 days
3147,2 days
3148,14 days
3149,1 days
3150,6 days
3151,3 days
3152,1 days
3153,4 days
3154,1 days
3155,3 days
3156,0 days
3157,8 days
3158,1 days
3159,14 days
3160,2 days
3161,2 days
3162,0 days
3163,4 days
3164,4 days
3165,7 days
3166,2 days
3167,0 days
3168,0 days
3169,1 days
3170,0 days
3171,0 days
3172,1 days
3173,1 days
3174,4 days
3175,0 days
3176,1 days
3177,0 days
3178,0 days
3179,4 days
3180,1 days
3181,0 days
3182,2 days
3183,8 days
3184,6 days
3185,2 days
3186,6 days
3187,1 days
3188,8 days
3189,0 days
3190,1 days
3191,1 days
3192,0 days
3193,3 days
3194,0 days
3195,3 days
3196,0 days
3197,4 days
3198,1 days
3199,0 days
3200,1 days
3201,3 days
3202,0 days
3203,0 days
3204,1 days
3205,0 days
3206,1 days
3207,1 days
3208,2 days
3209,6 days
3210,3 days
3211,4 days
3212,3 days
3213,5 days
3214,9 days
3215,2 days
3216,0 days
3217,3 days
3218,3 days
3219,1 days
3220,1 days
3221,1 days
3222,0 days
3223,0 days
3224,2 days
3225,5 days
3226,0 days
3227,0 days
3228,1 days
3229,0 days
3230,8 days
3231,6 days
3232,0 days
3233,5 days
3234,0 days
3235,2 days
3236,0 days
3237,16 days
3238,5 days
3239,8 days
3240,0 days
3241,2 days
3242,2 days
3243,4 days
3244,0 days
3245,2 days
3246,3 days
3247,4 days
3248,0 days
3249,1 days
3250,0 days
3251,0 days
3252,1 days
3253,0 days
3254,3 days
3255,1 days
3256,2 days
3257,1 days
3258,0 days
3259,3 days
3260,3 days
3261,1 days
3262,0 days
3263,2 days
3264,4 days
3265,7 days
3266,1 days
3267,0 days
3268,2 days
3269,3 days
3270,2 days
3271,4 days
3272,2 days
3273,0 days
3274,17 days
3275,3 days
3276,8 days
3277,2 days
3278,2 days
3279,0 days
3280,1 days
3281,5 days
3282,4 days
3283,15 days
3284,7 days
3285,1 days
3286,3 days
3287,2 days
3288,1 days
3289,1 days
3290,0 days
3291,0 days
3292,1 days
3293,3 days
3294,3 days
3295,4 days
3296,1 days
3297,0 days
3298,4 days
3299,4 days
3300,6 days
3301,9 days
3302,0 days
3303,1 days
3304,0 days
3305,4 days
3306,2 days
3307,1 days
3308,0 days
3309,2 days
3310,5 days
3311,3 days
3312,3 days
3313,0 days
3314,0 days
3315,5 days
3316,1 days
3317,4 days
3318,4 days
3319,16 days
3320,1 days
3321,0 days
3322,0 days
3323,1 days
3324,5 days
3325,3 days
3326,6 days
3327,0 days
3328,0 days
3329,0 days
3330,8 days
3331,3 days
3332,1 days
3333,4 days
3334,2 days
3335,1 days
3336,1 days
3337,2 days
3338,2 days
3339,4 days
3340,1 days
3341,0 days
3342,5 days
3343,11 days
3344,1 days
3345,1 days
3346,1 days
3347,4 days
3348,1 days
3349,1 days
3350,1 days
3351,3 days
3352,2 days
3353,1 days
3354,8 days
3355,3 days
3356,1 days
3357,1 days
3358,6 days
3359,1 days
3360,12 days
3361,4 days
3362,5 days
3363,11 days
3364,6 days
3365,0 days
3366,6 days
3367,6 days
3368,6 days
3369,3 days
3370,2 days
3371,12 days
3372,5 days
3373,1 days
3374,1 days
3375,9 days
3376,2 days
3377,0 days
3378,6 days
3379,4 days
3380,4 days
3381,1 days
3382,0 days
3383,6 days
3384,0 days
3385,0 days
3386,1 days
3387,3 days
3388,6 days
3389,10 days
3390,0 days
3391,0 days
3392,1 days
3393,1 days
3394,4 days
3395,1 days
3396,3 days
3397,2 days
3398,7 days
3399,1 days
3400,2 days
3401,0 days
3402,8 days
3403,1 days
3404,0 days
3405,3 days
3406,2 days
3407,0 days
3408,2 days
3409,4 days
3410,8 days
3411,2 days
3412,5 days
3413,7 days
3414,2 days
3415,10 days
3416,0 days
3417,3 days
3418,5 days
3419,5 days
3420,1 days
3421,0 days
3422,5 days
3423,0 days
3424,2 days
3425,8 days
3426,4 days
3427,2 days
3428,3 days
3429,2 days
3430,5 days
3431,9 days
3432,0 days
3433,4 days
3434,1 days
3435,1 days
3436,6 days
3437,5 days
3438,5 days
3439,10 days
3440,5 days
3441,1 days
3442,0 days
3443,7 days
3444,1 days
3445,1 days
3446,0 days
3447,2 days
3448,11 days
3449,6 days
3450,0 days
3451,5 days
3452,1 days
3453,1 days
3454,5 days
3455,0 days
3456,3 days
3457,3 days
3458,4 days
3459,3 days
3460,7 days
3461,0 days
3462,1 days
3463,1 days
3464,4 days
3465,6 days
3466,0 days
3467,1 days
3468,4 days
3469,0 days
3470,5 days
3471,5 days
3472,2 days
3473,1 days
3474,6 days
3475,0 days
3476,2 days
3477,0 days
3478,2 days
3479,5 days
3480,8 days
3481,0 days
3482,3 days
3483,4 days
3484,4 days
3485,9 days
3486,3 days
3487,1 days
3488,11 days
3489,11 days
3490,6 days
3491,1 days
3492,1 days
3493,3 days
3494,0 days
3495,4 days
3496,0 days
3497,3 days
3498,0 days
3499,2 days
3500,7 days
3501,1 days
3502,3 days
3503,11 days
3504,2 days
3505,6 days
3506,7 days
3507,3 days
3508,3 days
3509,5 days
3510,0 days
3511,1 days
3512,8 days
3513,0 days
3514,2 days
3515,6 days
3516,9 days
3517,2 days
3518,9 days
3519,2 days
3520,10 days
3521,0 days
3522,0 days
3523,7 days
3524,1 days
3525,1 days
3526,6 days
3527,1 days
3528,4 days
3529,0 days
3530,2 days
3531,4 days
3532,1 days
3533,15 days
3534,0 days
3535,3 days
3536,0 days
3537,4 days
3538,1 days
3539,2 days
3540,0 days
3541,3 days
3542,1 days
3543,4 days
3544,7 days
3545,0 days
3546,1 days
3547,6 days
3548,7 days
3549,0 days
3550,5 days
3551,5 days
3552,3 days
3553,17 days
3554,11 days
3555,1 days
3556,0 days
3557,6 days
3558,4 days
3559,5 days
3560,1 days
3561,4 days
3562,7 days
3563,10 days
3564,10 days
3565,1 days
3566,23 days
3567,5 days
3568,0 days
3569,0 days
3570,1 days
3571,3 days
3572,0 days
3573,6 days
3574,3 days
3575,7 days
3576,9 days
3577,1 days
3578,9 days
3579,0 days
3580,3 days
3581,1 days
3582,12 days
3583,8 days
3584,3 days
3585,1 days
3586,1 days
3587,1 days
3588,2 days
3589,1 days
3590,2 days
3591,1 days
3592,4 days
3593,7 days
3594,15 days
3595,1 days
3596,1 days
3597,1 days
3598,2 days
3599,2 days
3600,4 days
3601,0 days
3602,1 days
3603,1 days
3604,4 days
3605,15 days
3606,9 days
3607,3 days
3608,3 days
3609,12 days
3610,4 days
3611,2 days
3612,2 days
3613,8 days
3614,7 days
3615,2 days
3616,0 days
3617,4 days
3618,11 days
3619,2 days
3620,3 days
3621,3 days
3622,1 days
3623,1 days
3624,0 days
3625,4 days
3626,2 days
3627,18 days
3628,2 days
3629,3 days
3630,0 days
3631,0 days
3632,0 days
3633,0 days
3634,0 days
3635,0 days
3636,2 days
3637,3 days
3638,3 days
3639,2 days
3640,10 days
3641,3 days
3642,3 days
3643,2 days
3644,5 days
3645,2 days
3646,7 days
3647,7 days
3648,3 days
3649,0 days
3650,1 days
3651,3 days
3652,1 days
3653,1 days
3654,0 days
3655,2 days
3656,2 days
3657,5 days
3658,3 days
3659,1 days
3660,1 days
3661,5 days
3662,1 days
3663,0 days
3664,1 days
3665,1 days
3666,1 days
3667,1 days
3668,4 days
3669,3 days
3670,3 days
3671,3 days
3672,0 days
3673,4 days
3674,1 days
3675,0 days
3676,7 days
3677,1 days
3678,0 days
3679,2 days
3680,0 days
3681,0 days
3682,1 days
3683,4 days
3684,7 days
3685,6 days
3686,2 days
3687,9 days
3688,19 days
3689,1 days
3690,0 days
3691,6 days
3692,0 days
3693,1 days
3694,1 days
3695,7 days
3696,16 days
3697,6 days
3698,4 days
3699,16 days
3700,0 days
3701,11 days
3702,0 days
3703,2 days
3704,2 days
3705,4 days
3706,0 days
3707,2 days
3708,19 days
3709,1 days
3710,1 days
3711,0 days
3712,2 days
3713,0 days
3714,1 days
3715,0 days
3716,2 days
3717,0 days
3718,0 days
3719,1 days
3720,1 days
3721,3 days
3722,0 days
3723,1 days
3724,1 days
3725,1 days
3726,1 days
3727,3 days
3728,10 days
3729,10 days
3730,4 days
3731,1 days
3732,0 days
3733,0 days
3734,1 days
3735,4 days
3736,9 days
3737,1 days
3738,0 days
3739,3 days
3740,1 days
3741,2 days
3742,1 days
3743,2 days
3744,0 days
3745,0 days
3746,6 days
3747,6 days
3748,7 days
3749,0 days
3750,0 days
3751,13 days
3752,1 days
3753,1 days
3754,2 days
3755,8 days
3756,4 days
3757,2 days
3758,4 days
3759,1 days
3760,1 days
3761,0 days
3762,1 days
3763,0 days
3764,1 days
3765,15 days
3766,4 days
3767,0 days
3768,2 days
3769,2 days
3770,2 days
3771,1 days
3772,6 days
3773,0 days
3774,1 days
3775,8 days
3776,0 days
3777,0 days
3778,0 days
3779,1 days
3780,1 days
3781,0 days
3782,0 days
3783,1 days
3784,2 days
3785,0 days
3786,2 days
3787,2 days
3788,0 days
3789,4 days
3790,5 days
3791,2 days
3792,0 days
3793,6 days
3794,6 days
3795,1 days
3796,1 days
3797,0 days
3798,1 days
3799,1 days
3800,6 days
3801,4 days
3802,0 days
3803,1 days
3804,7 days
3805,1 days
3806,3 days
3807,2 days
3808,1 days
3809,3 days
3810,7 days
3811,3 days
3812,15 days
3813,0 days
3814,1 days
3815,0 days
3816,2 days
3817,1 days
3818,7 days
3819,0 days
3820,1 days
3821,1 days
3822,2 days
3823,0 days
3824,0 days
3825,0 days
3826,6 days
3827,13 days
3828,5 days
3829,11 days
3830,3 days
3831,2 days
3832,4 days
3833,6 days
3834,0 days
3835,9 days
3836,1 days
3837,8 days
3838,2 days
3839,11 days
3840,5 days
3841,0 days
3842,1 days
3843,3 days
3844,5 days
3845,2 days
3846,9 days
3847,9 days
3848,0 days
3849,3 days
3850,0 days
3851,3 days
3852,2 days
3853,2 days
3854,1 days
3855,0 days
3856,1 days
3857,2 days
3858,1 days
3859,16 days
3860,2 days
3861,2 days
3862,5 days
3863,4 days
3864,7 days
3865,8 days
3866,2 days
3867,2 days
3868,2 days
3869,6 days
3870,0 days
3871,9 days
3872,1 days
3873,17 days
3874,1 days
3875,2 days
3876,5 days
3877,1 days
3878,0 days
3879,4 days
3880,0 days
3881,7 days
3882,2 days
3883,5 days
3884,5 days
3885,5 days
3886,4 days
3887,4 days
3888,1 days
3889,1 days
3890,5 days
3891,2 days
3892,0 days
3893,1 days
3894,5 days
3895,4 days
3896,1 days
3897,5 days
3898,1 days
3899,3 days
3900,0 days
3901,6 days
3902,5 days
3903,4 days
3904,5 days
3905,1 days
3906,0 days
3907,1 days
3908,0 days
3909,7 days
3910,3 days
3911,2 days
3912,0 days
3913,1 days
3914,6 days
3915,6 days
3916,0 days
3917,6 days
3918,2 days
3919,14 days
3920,9 days
3921,3 days
3922,0 days
3923,2 days
3924,14 days
3925,6 days
3926,1 days
3927,2 days
3928,3 days
3929,1 days
3930,6 days
3931,1 days
3932,3 days
3933,7 days
3934,0 days
3935,6 days
3936,2 days
3937,12 days
3938,6 days
3939,1 days
3940,10 days
3941,3 days
3942,9 days
3943,4 days
3944,3 days
3945,3 days
3946,1 days
3947,1 days
3948,4 days
3949,5 days
3950,1 days
3951,1 days
3952,1 days
3953,3 days
3954,16 days
3955,11 days
3956,1 days
3957,2 days
3958,7 days
3959,5 days
3960,0 days
3961,1 days
3962,4 days
3963,0 days
3964,0 days
3965,1 days
3966,4 days
3967,15 days
3968,5 days
3969,2 days
3970,1 days
3971,4 days
3972,4 days
3973,0 days
3974,0 days
3975,0 days
3976,9 days
3977,1 days
3978,2 days
3979,4 days
3980,0 days
3981,2 days
3982,0 days
3983,1 days
3984,1 days
3985,2 days
3986,1 days
3987,0 days
3988,1 days
3989,1 days
3990,3 days
3991,1 days
3992,1 days
3993,7 days
3994,2 days
3995,0 days
3996,1 days
3997,0 days
3998,4 days
3999,5 days
4000,3 days
4001,2 days
4002,3 days
4003,6 days
4004,14 days
4005,1 days
4006,1 days
4007,5 days
4008,1 days
4009,2 days
4010,10 days
4011,5 days
4012,6 days
4013,6 days
4014,4 days
4015,1 days
4016,1 days
4017,5 days
4018,0 days
4019,14 days
4020,2 days
4021,3 days
4022,4 days
4023,5 days
4024,6 days
4025,8 days
4026,1 days
4027,1 days
4028,2 days
4029,0 days
4030,1 days
4031,2 days
4032,0 days
4033,2 days
4034,6 days
4035,3 days
4036,2 days
4037,1 days
4038,2 days
4039,9 days
4040,6 days
4041,0 days
4042,7 days
4043,3 days
4044,4 days
4045,2 days
4046,1 days
4047,0 days
4048,1 days
4049,0 days
4050,4 days
4051,2 days
4052,2 days
4053,1 days
4054,5 days
4055,2 days
4056,5 days
4057,0 days
4058,0 days
4059,2 days
4060,10 days
4061,5 days
4062,3 days
4063,1 days
4064,4 days
4065,0 days
4066,3 days
4067,5 days
4068,6 days
4069,11 days
4070,0 days
4071,6 days
4072,4 days
4073,0 days
4074,2 days
4075,0 days
4076,8 days
4077,10 days
4078,7 days
4079,7 days
4080,3 days
4081,2 days
4082,4 days
4083,1 days
4084,14 days
4085,1 days
4086,3 days
4087,0 days
4088,2 days
4089,0 days
4090,2 days
4091,1 days
4092,1 days
4093,6 days
4094,1 days
4095,1 days
4096,8 days
4097,1 days
4098,4 days
4099,9 days
4100,2 days
4101,4 days
4102,3 days
4103,2 days
4104,0 days
4105,1 days
4106,0 days
4107,2 days
4108,3 days
4109,1 days
4110,7 days
4111,10 days
4112,4 days
4113,1 days
4114,11 days
4115,1 days
4116,0 days
4117,3 days
4118,0 days
4119,1 days
4120,0 days
4121,1 days
4122,0 days
4123,0 days
4124,0 days
4125,2 days
4126,3 days
4127,2 days
4128,0 days
4129,0 days
4130,0 days
4131,6 days
4132,2 days
4133,4 days
4134,1 days
4135,9 days
4136,3 days
4137,1 days
4138,6 days
4139,1 days
4140,2 days
4141,1 days
4142,13 days
4143,2 days
4144,1 days
4145,2 days
4146,5 days
4147,7 days
4148,5 days
4149,3 days
4150,0 days
4151,1 days
4152,18 days
4153,0 days
4154,3 days
4155,1 days
4156,2 days
4157,0 days
4158,3 days
4159,1 days
4160,8 days
4161,1 days
4162,5 days
4163,4 days
4164,4 days
4165,4 days
4166,2 days
4167,6 days
4168,9 days
4169,1 days
4170,4 days
4171,7 days
4172,1 days
4173,5 days
4174,10 days
4175,3 days
4176,1 days
4177,1 days
4178,1 days
4179,7 days
4180,3 days
4181,0 days
4182,4 days
4183,1 days
4184,3 days
4185,3 days
4186,3 days
4187,3 days
4188,31 days
4189,6 days
4190,2 days
4191,0 days
4192,0 days
4193,1 days
4194,0 days
4195,1 days
4196,1 days
4197,3 days
4198,2 days
4199,6 days
4200,9 days
4201,8 days
4202,2 days
4203,0 days
4204,1 days
4205,6 days
4206,5 days
4207,3 days
4208,0 days
4209,0 days
4210,3 days
4211,7 days
4212,5 days
4213,1 days
4214,1 days
4215,2 days
4216,0 days
4217,0 days
4218,0 days
4219,1 days
4220,3 days
4221,1 days
4222,1 days
4223,3 days
4224,0 days
4225,1 days
4226,1 days
4227,4 days
4228,2 days
4229,0 days
4230,0 days
4231,8 days
4232,0 days
4233,8 days
4234,4 days
4235,4 days
4236,1 days
4237,3 days
4238,0 days
4239,0 days
4240,0 days
4241,0 days
4242,0 days
4243,0 days
4244,0 days
4245,1 days
4246,2 days
4247,0 days
4248,2 days
4249,1 days
4250,0 days
4251,1 days
4252,1 days
4253,1 days
4254,5 days
4255,3 days
4256,2 days
4257,2 days
4258,0 days
4259,1 days
4260,1 days
4261,1 days
4262,3 days
4263,1 days
4264,1 days
4265,0 days
4266,2 days
4267,2 days
4268,0 days
4269,5 days
4270,3 days
4271,0 days
4272,2 days
4273,1 days
4274,1 days
4275,1 days
4276,4 days
4277,1 days
4278,1 days
4279,3 days
4280,3 days
4281,4 days
4282,4 days
4283,4 days
4284,0 days
4285,11 days
4286,2 days
4287,0 days
4288,1 days
4289,1 days
4290,0 days
4291,5 days
4292,2 days
4293,0 days
4294,2 days
4295,0 days
4296,3 days
4297,1 days
4298,4 days
4299,1 days
4300,0 days
4301,2 days
4302,0 days
4303,0 days
4304,1 days
4305,0 days
4306,0 days
4307,5 days
4308,12 days
4309,7 days
4310,5 days
4311,2 days
4312,2 days
4313,2 days
4314,2 days
4315,0 days
4316,1 days
4317,2 days
4318,12 days
4319,2 days
4320,4 days
4321,5 days
4322,1 days
4323,1 days
4324,0 days
4325,0 days
4326,2 days
4327,10 days
4328,5 days
4329,2 days
4330,1 days
4331,5 days
4332,14 days
4333,10 days
4334,4 days
4335,2 days
4336,0 days
4337,2 days
4338,5 days
4339,8 days
4340,2 days
4341,1 days
4342,3 days
4343,6 days
4344,4 days
4345,12 days
4346,4 days
4347,1 days
4348,3 days
4349,0 days
4350,9 days
4351,0 days
4352,7 days
4353,0 days
4354,4 days
4355,10 days
4356,7 days
4357,9 days
4358,3 days
4359,2 days
4360,1 days
4361,1 days
4362,1 days
4363,8 days
4364,2 days
4365,3 days
4366,2 days
4367,1 days
4368,3 days
4369,1 days
4370,1 days
4371,7 days
4372,1 days
4373,1 days
4374,1 days
4375,7 days
4376,3 days
4377,0 days
4378,2 days
4379,2 days
4380,2 days
4381,7 days
4382,8 days
4383,0 days
4384,4 days
4385,6 days
4386,1 days
4387,11 days
4388,4 days
4389,4 days
4390,1 days
4391,1 days
4392,2 days
4393,7 days
4394,1 days
4395,1 days
4396,3 days
4397,4 days
4398,10 days
4399,7 days
4400,0 days
4401,0 days
4402,1 days
4403,6 days
4404,10 days
4405,2 days
4406,1 days
4407,0 days
4408,1 days
4409,0 days
4410,4 days
4411,1 days
4412,3 days
4413,1 days
4414,0 days
4415,0 days
4416,3 days
4417,4 days
4418,3 days
4419,6 days
4420,0 days
4421,3 days
4422,3 days
4423,0 days
4424,0 days
4425,4 days
4426,2 days
4427,12 days
4428,2 days
4429,3 days
4430,10 days
4431,3 days
4432,0 days
4433,0 days
4434,11 days
4435,8 days
4436,1 days
4437,0 days
4438,2 days
4439,0 days
4440,8 days
4441,11 days
4442,4 days
4443,0 days
4444,4 days
4445,5 days
4446,4 days
4447,1 days
4448,7 days
4449,8 days
4450,7 days
4451,1 days
4452,11 days
4453,1 days
4454,1 days
4455,1 days
4456,2 days
4457,6 days
4458,3 days
4459,3 days
4460,0 days
4461,2 days
4462,1 days
4463,2 days
4464,2 days
4465,1 days
4466,1 days
4467,14 days
4468,5 days
4469,1 days
4470,0 days
4471,1 days
4472,1 days
4473,0 days
4474,0 days
4475,0 days
4476,1 days
4477,1 days
4478,2 days
4479,10 days
4480,1 days
4481,1 days
4482,0 days
4483,6 days
4484,5 days
4485,10 days
4486,4 days
4487,0 days
4488,4 days
4489,9 days
4490,0 days
4491,5 days
4492,4 days
4493,3 days
4494,1 days
4495,0 days
4496,9 days
4497,0 days
4498,1 days
4499,4 days
4500,0 days
4501,8 days
4502,8 days
4503,4 days
4504,4 days
4505,6 days
4506,0 days
4507,2 days
4508,0 days
4509,9 days
4510,1 days
4511,7 days
4512,0 days
4513,0 days
4514,6 days
4515,1 days
4516,0 days
4517,0 days
4518,0 days
4519,1 days
4520,0 days
4521,0 days
4522,0 days
4523,1 days
4524,0 days
4525,0 days
4526,1 days
4527,0 days
4528,0 days
4529,1 days
4530,2 days
4531,0 days
4532,6 days
4533,3 days
4534,4 days
4535,0 days
4536,1 days
4537,0 days
4538,0 days
4539,4 days
4540,3 days
4541,1 days
4542,5 days
4543,1 days
4544,1 days
4545,0 days
4546,1 days
4547,9 days
4548,13 days
4549,0 days
4550,1 days
4551,3 days
4552,5 days
4553,6 days
4554,5 days
4555,6 days
4556,4 days
4557,5 days
4558,3 days
4559,6 days
4560,3 days
4561,0 days
4562,1 days
4563,0 days
4564,1 days
4565,1 days
4566,3 days
4567,0 days
4568,4 days
4569,1 days
4570,1 days
4571,4 days
4572,1 days
4573,1 days
4574,0 days
4575,2 days
4576,4 days
4577,0 days
4578,5 days
4579,2 days
4580,0 days
4581,1 days
4582,0 days
4583,1 days
4584,3 days
4585,0 days
4586,6 days
4587,6 days
4588,1 days
4589,0 days
4590,1 days
4591,3 days
4592,4 days
4593,2 days
4594,0 days
4595,1 days
4596,0 days
4597,0 days
4598,1 days
4599,6 days
4600,5 days
4601,1 days
4602,0 days
4603,1 days
4604,1 days
4605,0 days
4606,0 days
4607,2 days
4608,0 days
4609,0 days
4610,2 days
4611,2 days
4612,1 days
4613,1 days
4614,7 days
4615,2 days
4616,0 days
4617,1 days
4618,8 days
4619,1 days
4620,6 days
4621,2 days
4622,8 days
4623,4 days
4624,1 days
4625,0 days
4626,1 days
4627,3 days
4628,1 days
4629,2 days
4630,3 days
4631,0 days
4632,2 days
4633,2 days
4634,0 days
4635,10 days
4636,4 days
4637,0 days
4638,2 days
4639,1 days
4640,3 days
4641,1 days
4642,1 days
4643,1 days
4644,0 days
4645,3 days
4646,1 days
4647,6 days
4648,4 days
4649,0 days
4650,1 days
4651,3 days
4652,0 days
4653,1 days
4654,5 days
4655,5 days
4656,2 days
4657,0 days
4658,8 days
4659,5 days
4660,4 days
4661,2 days
4662,2 days
4663,1 days
4664,1 days
4665,0 days
4666,2 days
4667,4 days
4668,0 days
4669,1 days
4670,0 days
4671,2 days
4672,1 days
4673,1 days
4674,0 days
4675,0 days
4676,2 days
4677,5 days
4678,0 days
4679,0 days
4680,9 days
4681,0 days
4682,6 days
4683,2 days
4684,0 days
4685,2 days
4686,2 days
4687,5 days
4688,11 days
4689,0 days
4690,0 days
4691,0 days
4692,2 days
4693,1 days
4694,3 days
4695,0 days
4696,1 days
4697,0 days
4698,2 days
4699,1 days
4700,0 days
4701,5 days
4702,2 days
4703,2 days
4704,0 days
4705,0 days
4706,4 days
4707,5 days
4708,0 days
4709,0 days
4710,2 days
4711,3 days
4712,0 days
4713,8 days
4714,3 days
4715,2 days
4716,4 days
4717,2 days
4718,1 days
4719,0 days
4720,2 days
4721,5 days
4722,5 days
4723,9 days
4724,4 days
4725,1 days
4726,1 days
4727,2 days
4728,3 days
4729,2 days
4730,3 days
4731,5 days
4732,2 days
4733,4 days
4734,0 days
4735,0 days
4736,0 days
4737,4 days
4738,1 days
4739,11 days
4740,5 days
4741,0 days
4742,1 days
4743,9 days
4744,6 days
4745,1 days
4746,1 days
4747,1 days
4748,2 days
4749,4 days
4750,5 days
4751,0 days
4752,2 days
4753,0 days
4754,1 days
4755,0 days
4756,13 days
4757,5 days
4758,6 days
4759,0 days
4760,1 days
4761,5 days
4762,1 days
4763,4 days
4764,3 days
4765,3 days
4766,1 days
4767,5 days
4768,1 days
4769,1 days
4770,3 days
4771,2 days
4772,3 days
4773,0 days
4774,3 days
4775,6 days
4776,3 days
4777,2 days
4778,1 days
4779,0 days
4780,0 days
4781,2 days
4782,12 days
4783,2 days
4784,1 days
4785,0 days
4786,9 days
4787,2 days
4788,5 days
4789,9 days
4790,0 days
4791,0 days
4792,5 days
4793,7 days
4794,0 days
4795,3 days
4796,1 days
4797,2 days
4798,1 days
4799,0 days
4800,20 days
4801,1 days
4802,3 days
4803,3 days
4804,10 days
4805,6 days
4806,6 days
4807,4 days
4808,3 days
4809,13 days
4810,3 days
4811,2 days
4812,1 days
4813,8 days
4814,1 days
4815,1 days
4816,1 days
4817,1 days
4818,2 days
4819,5 days
4820,7 days
4821,7 days
4822,2 days
4823,4 days
4824,12 days
4825,5 days
4826,3 days
4827,9 days
4828,2 days
4829,7 days
4830,8 days
4831,3 days
4832,2 days
4833,1 days
4834,5 days
4835,1 days
4836,2 days
4837,0 days
4838,17 days
4839,1 days
4840,1 days
4841,0 days
4842,2 days
4843,0 days
4844,4 days
4845,1 days
4846,0 days
4847,0 days
4848,2 days
4849,4 days
4850,1 days
4851,0 days
4852,1 days
4853,10 days
4854,0 days
4855,2 days
4856,3 days
4857,0 days
4858,1 days
4859,4 days
4860,5 days
4861,5 days
4862,4 days
4863,3 days
4864,5 days
4865,1 days
4866,1 days
4867,1 days
4868,1 days
4869,1 days
4870,3 days
4871,0 days
4872,0 days
4873,0 days
4874,0 days
4875,1 days
4876,0 days
4877,4 days
4878,0 days
4879,1 days
4880,0 days
4881,1 days
4882,2 days
4883,6 days
4884,2 days
4885,5 days
4886,1 days
4887,3 days
4888,6 days
4889,1 days
4890,4 days
4891,1 days
4892,3 days
4893,5 days
4894,0 days
4895,2 days
4896,4 days
4897,11 days
4898,0 days
4899,1 days
4900,9 days
4901,5 days
4902,2 days
4903,7 days
4904,1 days
4905,0 days
4906,2 days
4907,0 days
4908,4 days
4909,1 days
4910,2 days
4911,5 days
4912,15 days
4913,4 days
4914,2 days
4915,2 days
4916,4 days
4917,2 days
4918,3 days
4919,8 days
4920,1 days
4921,0 days
4922,0 days
4923,0 days
4924,0 days
4925,0 days
4926,0 days
4927,1 days
4928,3 days
4929,1 days
4930,0 days
4931,0 days
4932,1 days
4933,0 days
4934,0 days
4935,2 days
4936,1 days
4937,0 days
4938,3 days
4939,0 days
4940,3 days
4941,0 days
4942,1 days
4943,1 days
4944,4 days
4945,6 days
4946,4 days
4947,5 days
4948,1 days
4949,1 days
4950,5 days
4951,0 days
4952,2 days
4953,1 days
4954,3 days
4955,4 days
4956,5 days
4957,4 days
4958,0 days
4959,3 days
4960,0 days
4961,2 days
4962,1 days
4963,3 days
4964,14 days
4965,1 days
4966,1 days
4967,1 days
4968,1 days
4969,0 days
4970,4 days
4971,12 days
4972,4 days
4973,0 days
4974,0 days
4975,2 days
4976,6 days
4977,2 days
4978,4 days
4979,0 days
4980,2 days
4981,2 days
4982,6 days
4983,2 days
4984,2 days
4985,4 days
4986,0 days
4987,0 days
4988,2 days
4989,1 days
4990,1 days
4991,1 days
4992,0 days
4993,0 days
4994,1 days
4995,5 days
4996,1 days
4997,4 days
4998,1 days
4999,0 days
5000,0 days
5001,6 days
5002,2 days
5003,1 days
5004,1 days
5005,0 days
5006,1 days
5007,1 days
5008,0 days
5009,2 days
5010,2 days
5011,4 days
5012,10 days
5013,0 days
5014,1 days
5015,3 days
5016,1 days
5017,1 days
5018,8 days
5019,12 days
5020,0 days
5021,5 days
5022,4 days
5023,0 days
5024,13 days
5025,4 days
5026,0 days
5027,5 days
5028,4 days
5029,7 days
5030,13 days
5031,7 days
5032,1 days
5033,1 days
5034,6 days
5035,5 days
5036,7 days
5037,1 days
5038,1 days
5039,1 days
5040,2 days
5041,3 days
5042,1 days
5043,3 days
5044,1 days
5045,3 days
5046,4 days
5047,0 days
5048,3 days
5049,1 days
5050,5 days
5051,8 days
5052,1 days
5053,2 days
5054,6 days
5055,3 days
5056,3 days
5057,0 days
5058,1 days
5059,1 days
5060,0 days
5061,2 days
5062,1 days
5063,5 days
5064,1 days
5065,0 days
5066,13 days
5067,0 days
5068,1 days
5069,2 days
5070,0 days
5071,0 days
5072,1 days
5073,1 days
5074,0 days
5075,0 days
5076,0 days
5077,0 days
5078,0 days
5079,0 days
5080,0 days
5081,0 days
5082,0 days
5083,0 days
5084,0 days
5085,0 days
5086,0 days
5087,0 days
5088,0 days
5089,0 days
5090,0 days
5091,0 days
5092,0 days
5093,0 days
5094,0 days
5095,0 days
5096,0 days
5097,0 days
5098,0 days
5099,0 days
5100,0 days
5101,0 days
5102,0 days
5103,0 days
5104,0 days
5105,0 days
5106,0 days
5107,1 days
5108,0 days
5109,0 days
5110,1 days
5111,2 days
5112,2 days
5113,0 days
5114,5 days
5115,0 days
5116,0 days
5117,2 days
5118,1 days
5119,2 days
5120,2 days
5121,2 days
5122,3 days
5123,0 days
5124,4 days
5125,0 days
5126,4 days
5127,0 days
5128,7 days
5129,3 days
5130,2 days
5131,1 days
5132,6 days
5133,10 days
5134,3 days
5135,2 days
5136,0 days
5137,17 days
5138,2 days
5139,2 days
5140,8 days
5141,3 days
5142,4 days
5143,2 days
5144,2 days
5145,0 days
5146,2 days
5147,10 days
5148,4 days
5149,1 days
5150,4 days
5151,1 days
5152,3 days
5153,4 days
5154,1 days
5155,1 days
5156,4 days
5157,1 days
5158,1 days
5159,0 days
5160,4 days
5161,12 days
5162,1 days
5163,2 days
5164,0 days
5165,1 days
5166,0 days
5167,0 days
5168,2 days
5169,2 days
5170,0 days
5171,6 days
5172,3 days
5173,0 days
5174,1 days
5175,0 days
5176,2 days
5177,0 days
5178,4 days
5179,6 days
5180,0 days
5181,0 days
5182,1 days
5183,2 days
5184,4 days
5185,15 days
5186,6 days
5187,1 days
5188,4 days
5189,3 days
5190,0 days
5191,2 days
5192,5 days
5193,4 days
5194,1 days
5195,6 days
5196,6 days
5197,8 days
5198,1 days
5199,1 days
5200,4 days
5201,9 days
5202,4 days
5203,0 days
5204,3 days
5205,13 days
5206,5 days
5207,8 days
5208,1 days
5209,5 days
5210,6 days
5211,2 days
5212,1 days
5213,6 days
5214,3 days
5215,1 days
5216,2 days
5217,0 days
5218,1 days
5219,8 days
5220,12 days
5221,6 days
5222,2 days
5223,4 days
5224,5 days
5225,0 days
5226,0 days
5227,6 days
5228,0 days
5229,1 days
5230,4 days
5231,2 days
5232,10 days
5233,5 days
5234,0 days
5235,0 days
5236,1 days
5237,2 days
5238,0 days
5239,1 days
5240,2 days
5241,0 days
5242,0 days
5243,4 days
5244,7 days
5245,16 days
5246,4 days
5247,2 days
5248,4 days
5249,4 days
5250,7 days
5251,0 days
5252,1 days
5253,2 days
5254,10 days
5255,6 days
5256,6 days
5257,4 days
5258,3 days
5259,19 days
5260,0 days
5261,1 days
5262,2 days
5263,5 days
5264,0 days
5265,8 days
5266,1 days
5267,0 days
5268,1 days
5269,2 days
5270,4 days
5271,1 days
5272,7 days
5273,1 days
5274,3 days
5275,1 days
5276,3 days
5277,2 days
5278,3 days
5279,6 days
5280,11 days
5281,1 days
5282,4 days
5283,1 days
5284,7 days
5285,1 days
5286,3 days
5287,8 days
5288,4 days
5289,4 days
5290,0 days
5291,2 days
5292,3 days
5293,5 days
5294,1 days
5295,3 days
5296,0 days
5297,1 days
5298,1 days
5299,1 days
5300,1 days
5301,1 days
5302,16 days
5303,5 days
5304,0 days
5305,0 days
5306,3 days
5307,4 days
5308,1 days
5309,2 days
5310,4 days
5311,15 days
5312,10 days
5313,6 days
5314,7 days
5315,2 days
5316,0 days
5317,1 days
5318,1 days
5319,0 days
5320,1 days
5321,4 days
5322,0 days
5323,0 days
5324,0 days
5325,1 days
5326,1 days
5327,0 days
5328,1 days
5329,0 days
5330,5 days
5331,2 days
5332,6 days
5333,6 days
5334,1 days
5335,0 days
5336,9 days
5337,14 days
5338,1 days
5339,11 days
5340,1 days
5341,3 days
5342,5 days
5343,2 days
5344,0 days
5345,3 days
5346,0 days
5347,1 days
5348,0 days
5349,1 days
5350,2 days
5351,3 days
5352,15 days
5353,0 days
5354,3 days
5355,5 days
5356,1 days
5357,1 days
5358,2 days
5359,0 days
5360,1 days
5361,0 days
5362,9 days
5363,3 days
5364,8 days
5365,2 days
5366,0 days
5367,9 days
5368,8 days
5369,2 days
5370,3 days
5371,0 days
5372,8 days
5373,6 days
5374,1 days
5375,4 days
5376,0 days
5377,17 days
5378,0 days
5379,1 days
5380,3 days
5381,1 days
5382,4 days
5383,7 days
5384,2 days
5385,2 days
5386,2 days
5387,1 days
5388,0 days
5389,3 days
5390,4 days
5391,4 days
5392,6 days
5393,3 days
5394,1 days
5395,0 days
5396,3 days
5397,2 days
5398,1 days
5399,3 days
5400,2 days
5401,5 days
5402,1 days
5403,3 days
5404,1 days
5405,3 days
5406,5 days
5407,1 days
5408,5 days
5409,1 days
5410,0 days
5411,2 days
5412,10 days
5413,1 days
5414,3 days
5415,1 days
5416,6 days
5417,2 days
5418,6 days
5419,16 days
5420,15 days
5421,12 days
5422,7 days
5423,1 days
5424,4 days
5425,1 days
5426,6 days
5427,1 days
5428,5 days
5429,5 days
5430,6 days
5431,8 days
5432,4 days
5433,0 days
5434,3 days
5435,5 days
5436,1 days
5437,0 days
5438,2 days
5439,2 days
5440,0 days
5441,1 days
5442,1 days
5443,4 days
5444,1 days
5445,1 days
5446,3 days
5447,6 days
5448,0 days
5449,2 days
5450,0 days
5451,0 days
5452,1 days
5453,6 days
5454,1 days
5455,0 days
5456,0 days
5457,0 days
5458,1 days
5459,0 days
5460,1 days
5461,0 days
5462,2 days
5463,2 days
5464,1 days
5465,0 days
5466,1 days
5467,0 days
5468,1 days
5469,4 days
5470,2 days
5471,5 days
5472,3 days
5473,0 days
5474,1 days
5475,1 days
5476,2 days
5477,4 days
5478,1 days
5479,1 days
5480,1 days
5481,0 days
5482,9 days
5483,7 days
5484,14 days
5485,5 days
5486,4 days
5487,0 days
5488,0 days
5489,0 days
5490,1 days
5491,5 days
5492,0 days
5493,0 days
5494,0 days
5495,1 days
5496,3 days
5497,1 days
5498,3 days
5499,1 days
5500,3 days
5501,3 days
5502,5 days
5503,1 days
5504,1 days
5505,4 days
5506,4 days
5507,5 days
5508,0 days
5509,3 days
5510,4 days
5511,8 days
5512,5 days
5513,1 days
5514,0 days
5515,13 days
5516,0 days
5517,4 days
5518,7 days
5519,7 days
5520,1 days
5521,0 days
5522,12 days
5523,1 days
5524,1 days
5525,0 days
5526,2 days
5527,3 days
5528,18 days
5529,2 days
5530,4 days
5531,8 days
5532,1 days
5533,1 days
5534,4 days
5535,1 days
5536,4 days
5537,6 days
5538,5 days
5539,0 days
5540,1 days
5541,2 days
5542,11 days
5543,8 days
5544,9 days
5545,16 days
5546,5 days
5547,5 days
5548,9 days
5549,2 days
5550,0 days
5551,3 days
5552,0 days
5553,2 days
5554,1 days
5555,1 days
5556,2 days
5557,5 days
5558,4 days
5559,7 days
5560,5 days
5561,2 days
5562,1 days
5563,5 days
5564,6 days
5565,1 days
5566,0 days
5567,8 days
5568,10 days
5569,3 days
5570,0 days
5571,2 days
5572,2 days
5573,0 days
5574,1 days
5575,0 days
5576,0 days
5577,1 days
5578,2 days
5579,2 days
5580,1 days
5581,4 days
5582,2 days
5583,5 days
5584,0 days
5585,0 days
5586,7 days
5587,1 days
5588,2 days
5589,0 days
5590,2 days
5591,0 days
5592,5 days
5593,1 days
5594,0 days
5595,9 days
5596,9 days
5597,3 days
5598,3 days
5599,10 days
5600,0 days
5601,4 days
5602,3 days
5603,6 days
5604,2 days
5605,9 days
5606,0 days
5607,2 days
5608,12 days
5609,2 days
5610,3 days
5611,23 days
5612,6 days
5613,3 days
5614,0 days
5615,0 days
5616,0 days
5617,0 days
5618,0 days
5619,0 days
5620,1 days
5621,0 days
5622,0 days
5623,1 days
5624,1 days
5625,0 days
5626,2 days
5627,0 days
5628,3 days
5629,2 days
5630,15 days
5631,9 days
5632,3 days
5633,3 days
5634,9 days
5635,3 days
5636,0 days
5637,1 days
5638,1 days
5639,2 days
5640,0 days
5641,2 days
5642,4 days
5643,1 days
5644,3 days
5645,3 days
5646,0 days
5647,2 days
5648,1 days
5649,7 days
5650,3 days
5651,2 days
5652,0 days
5653,8 days
5654,3 days
5655,4 days
5656,1 days
5657,7 days
5658,2 days
5659,8 days
5660,0 days
5661,3 days
5662,0 days
5663,7 days
5664,3 days
5665,1 days
5666,1 days
5667,4 days
5668,1 days
5669,1 days
5670,4 days
5671,3 days
5672,2 days
5673,2 days
5674,4 days
5675,11 days
5676,4 days
5677,10 days
5678,8 days
5679,12 days
5680,2 days
5681,3 days
5682,0 days
5683,1 days
5684,3 days
5685,3 days
5686,1 days
5687,0 days
5688,1 days
5689,0 days
5690,1 days
5691,3 days
5692,1 days
5693,8 days
5694,1 days
5695,19 days
5696,0 days
5697,9 days
5698,1 days
5699,0 days
5700,3 days
5701,1 days
5702,4 days
5703,1 days
5704,1 days
5705,0 days
5706,2 days
5707,1 days
5708,0 days
5709,4 days
5710,5 days
5711,2 days
5712,0 days
5713,5 days
5714,15 days
5715,2 days
5716,7 days
5717,5 days
5718,0 days
5719,4 days
5720,6 days
5721,0 days
5722,8 days
5723,0 days
5724,7 days
5725,2 days
5726,3 days
5727,0 days
5728,5 days
5729,2 days
5730,1 days
5731,0 days
5732,4 days
5733,3 days
5734,2 days
5735,10 days
5736,3 days
5737,0 days
5738,1 days
5739,0 days
5740,21 days
5741,2 days
5742,2 days
5743,2 days
5744,5 days
5745,0 days
5746,4 days
5747,5 days
5748,7 days
5749,2 days
5750,0 days
5751,0 days
5752,0 days
5753,1 days
5754,6 days
5755,1 days
5756,3 days
5757,1 days
5758,6 days
5759,4 days
5760,1 days
5761,2 days
5762,0 days
5763,0 days
5764,1 days
5765,8 days
5766,0 days
5767,1 days
5768,0 days
5769,2 days
5770,1 days
5771,4 days
5772,4 days
